,ID,Obesity_Level,Prediction
1,788,Overweight_Level_I,Overweight_Level_I
2,789,Overweight_Level_II,Overweight_Level_II
10,797,Overweight_Level_II,Overweight_Level_II
11,798,Overweight_Level_II,Overweight_Level_II
16,803,Overweight_Level_I,Overweight_Level_I
19,806,Overweight_Level_II,Overweight_Level_II
21,808,Overweight_Level_I,Overweight_Level_I
25,812,Overweight_Level_II,Overweight_Level_II
27,814,Overweight_Level_I,Overweight_Level_I
28,815,Overweight_Level_I,Overweight_Level_I
30,817,Overweight_Level_I,Overweight_Level_I
32,819,Overweight_Level_I,Overweight_Level_I
34,821,Overweight_Level_I,Overweight_Level_I
40,827,Overweight_Level_I,Overweight_Level_I
49,836,Overweight_Level_I,Overweight_Level_I
50,837,Overweight_Level_I,Overweight_Level_I
53,840,Overweight_Level_II,Overweight_Level_II
54,841,Overweight_Level_I,Overweight_Level_I
69,856,Overweight_Level_II,Overweight_Level_II
72,859,Overweight_Level_I,Overweight_Level_I
78,865,Overweight_Level_I,Overweight_Level_I
79,866,Overweight_Level_II,Overweight_Level_II
80,867,Overweight_Level_II,Overweight_Level_II
86,873,Overweight_Level_II,Overweight_Level_II
87,874,Overweight_Level_I,Overweight_Level_I
89,876,Overweight_Level_II,Overweight_Level_II
103,890,Overweight_Level_II,Overweight_Level_II
108,895,Overweight_Level_I,Overweight_Level_I
111,898,Overweight_Level_II,Overweight_Level_II
112,899,Overweight_Level_II,Overweight_Level_II
116,903,Overweight_Level_I,Overweight_Level_I
120,907,Overweight_Level_I,Overweight_Level_I
122,909,Overweight_Level_II,Overweight_Level_I
137,924,Overweight_Level_I,Overweight_Level_I
147,934,Overweight_Level_II,Overweight_Level_II
152,939,Normal_Weight,Overweight_Level_I
154,941,Overweight_Level_I,Overweight_Level_I
155,942,Overweight_Level_I,Overweight_Level_I
158,945,Overweight_Level_II,Overweight_Level_II
160,947,Overweight_Level_II,Overweight_Level_II
164,951,Overweight_Level_I,Overweight_Level_I
165,952,Overweight_Level_II,Overweight_Level_II
167,954,Overweight_Level_I,Overweight_Level_I
173,960,Overweight_Level_II,Overweight_Level_II
174,961,Overweight_Level_I,Overweight_Level_I
177,964,Overweight_Level_I,Overweight_Level_I
179,966,Overweight_Level_II,Overweight_Level_II
188,975,Overweight_Level_II,Overweight_Level_II
189,976,Overweight_Level_II,Overweight_Level_II
196,983,Overweight_Level_II,Overweight_Level_II
197,984,Overweight_Level_II,Overweight_Level_II
200,987,Overweight_Level_II,Overweight_Level_II
205,992,Overweight_Level_II,Overweight_Level_II
206,993,Overweight_Level_I,Overweight_Level_I
214,1001,Overweight_Level_I,Overweight_Level_I
217,1004,Overweight_Level_I,Overweight_Level_I
220,1007,Overweight_Level_II,Overweight_Level_II
224,1011,Overweight_Level_II,Overweight_Level_II
225,1012,Overweight_Level_II,Overweight_Level_II
226,1013,Overweight_Level_I,Overweight_Level_I
227,1014,Overweight_Level_I,Overweight_Level_I
232,1019,Overweight_Level_I,Overweight_Level_I
235,1022,Overweight_Level_II,Overweight_Level_II
241,1028,Overweight_Level_I,Overweight_Level_I
242,1029,Overweight_Level_I,Overweight_Level_I
244,1031,Overweight_Level_II,Overweight_Level_II
246,1033,Overweight_Level_II,Overweight_Level_II
249,1036,Overweight_Level_I,Overweight_Level_I
252,1039,Overweight_Level_II,Overweight_Level_II
257,1044,Overweight_Level_II,Overweight_Level_II
264,1051,Overweight_Level_I,Overweight_Level_I
265,1052,Overweight_Level_II,Overweight_Level_II
275,1062,Overweight_Level_I,Overweight_Level_I
277,1064,Overweight_Level_I,Overweight_Level_I
278,1065,Overweight_Level_I,Overweight_Level_I
280,1067,Overweight_Level_I,Overweight_Level_I
284,1071,Overweight_Level_II,Overweight_Level_II
286,1073,Overweight_Level_I,Overweight_Level_I
288,1075,Overweight_Level_II,Overweight_Level_II
289,1076,Overweight_Level_I,Overweight_Level_I
291,1078,Overweight_Level_I,Overweight_Level_I
296,1083,Overweight_Level_II,Overweight_Level_II
300,1087,Overweight_Level_II,Overweight_Level_II
304,1091,Overweight_Level_I,Overweight_Level_I
308,1095,Overweight_Level_I,Overweight_Level_I
310,1097,Overweight_Level_I,Overweight_Level_I
312,1099,Overweight_Level_I,Overweight_Level_I
316,1103,Overweight_Level_II,Overweight_Level_II
318,1105,Overweight_Level_II,Overweight_Level_II
319,1106,Overweight_Level_II,Overweight_Level_II
320,1107,Overweight_Level_I,Overweight_Level_I
325,1112,Overweight_Level_II,Overweight_Level_II
326,1113,Overweight_Level_II,Overweight_Level_II
328,1115,Overweight_Level_I,Overweight_Level_I
345,1132,Overweight_Level_I,Overweight_Level_I
347,1134,Overweight_Level_II,Overweight_Level_II
349,1136,Overweight_Level_I,Overweight_Level_II
357,1144,Overweight_Level_II,Overweight_Level_II
358,1145,Overweight_Level_I,Overweight_Level_I
360,1147,Overweight_Level_II,Overweight_Level_II
365,1152,Overweight_Level_I,Overweight_Level_I
368,1155,Overweight_Level_I,Overweight_Level_I
370,1157,Overweight_Level_II,Overweight_Level_II
372,1159,Overweight_Level_I,Overweight_Level_I
373,1160,Overweight_Level_II,Overweight_Level_II
374,1161,Overweight_Level_I,Overweight_Level_I
377,1164,Overweight_Level_I,Overweight_Level_I
381,1168,Overweight_Level_II,Overweight_Level_II
389,1176,Overweight_Level_II,Overweight_Level_II
392,1179,Overweight_Level_I,Overweight_Level_I
395,1182,Overweight_Level_I,Overweight_Level_I
396,1183,Overweight_Level_I,Overweight_Level_I
397,1184,Overweight_Level_I,Overweight_Level_I
400,1187,Overweight_Level_II,Overweight_Level_II
407,1194,Overweight_Level_II,Overweight_Level_II
413,1200,Overweight_Level_II,Overweight_Level_II
418,1205,Overweight_Level_II,Overweight_Level_II
421,1208,Overweight_Level_I,Overweight_Level_I
423,1210,Overweight_Level_I,Overweight_Level_I
427,1214,Overweight_Level_II,Overweight_Level_II
437,1224,Overweight_Level_I,Overweight_Level_I
439,1226,Overweight_Level_I,Overweight_Level_I
441,1228,Overweight_Level_I,Overweight_Level_I
448,1235,Overweight_Level_II,Overweight_Level_II
451,1238,Overweight_Level_II,Overweight_Level_II
461,1248,Overweight_Level_II,Overweight_Level_II
463,1250,Overweight_Level_II,Overweight_Level_II
464,1251,Overweight_Level_I,Overweight_Level_I
468,1255,Overweight_Level_II,Overweight_Level_II
470,1257,Overweight_Level_II,Overweight_Level_II
473,1260,Overweight_Level_I,Overweight_Level_I
477,1264,Overweight_Level_I,Overweight_Level_I
479,1266,Overweight_Level_II,Overweight_Level_II
488,1275,Overweight_Level_I,Overweight_Level_I
491,1278,Overweight_Level_I,Overweight_Level_I
492,1279,Normal_Weight,Overweight_Level_I
493,1280,Overweight_Level_I,Overweight_Level_I
494,1281,Overweight_Level_II,Overweight_Level_II
495,1282,Overweight_Level_I,Overweight_Level_I
503,1290,Overweight_Level_II,Overweight_Level_II
506,1293,Overweight_Level_II,Overweight_Level_II
507,1294,Overweight_Level_I,Overweight_Level_I
508,1295,Overweight_Level_II,Overweight_Level_II
512,1299,Overweight_Level_I,Overweight_Level_I
519,1306,Overweight_Level_I,Overweight_Level_I
521,1308,Overweight_Level_I,Overweight_Level_I
522,1309,Overweight_Level_I,Overweight_Level_I
523,1310,Overweight_Level_I,Overweight_Level_I
524,1311,Overweight_Level_I,Overweight_Level_I
